{"data":{"Year":[2009,2010,2011,2012,2013,2014,2015,2016,2017,2018,2019,2020,2021,2022,2023],"Value":[54.54545455,54.54545455,54.54545455,54.54545455,54.54545455,63.63636364,63.63636364,63.63636364,63.63636364,63.63636364,63.63636364,63.63636364,63.63636364,72.72,72.72]},"edges":[]}