{"data":{"Year":[2010,2011,2012,2013,2014,2015,2016,2017,2018,2019,2020,2021,2022,2023,2010,2011,2012,2013,2014,2015,2016,2017,2018,2019,2020,2021,2022,2023],"H\u00f3pur":["Minnst \u00fer\u00f3u\u00f0u r\u00edkin","Minnst \u00fer\u00f3u\u00f0u r\u00edkin","Minnst \u00fer\u00f3u\u00f0u r\u00edkin","Minnst \u00fer\u00f3u\u00f0u r\u00edkin","Minnst \u00fer\u00f3u\u00f0u r\u00edkin","Minnst \u00fer\u00f3u\u00f0u r\u00edkin","Minnst \u00fer\u00f3u\u00f0u r\u00edkin","Minnst \u00fer\u00f3u\u00f0u r\u00edkin","Minnst \u00fer\u00f3u\u00f0u r\u00edkin","Minnst \u00fer\u00f3u\u00f0u r\u00edkin","Minnst \u00fer\u00f3u\u00f0u r\u00edkin","Minnst \u00fer\u00f3u\u00f0u r\u00edkin","Minnst \u00fer\u00f3u\u00f0u r\u00edkin","Minnst \u00fer\u00f3u\u00f0u r\u00edkin","\u00der\u00f3unarl\u00f6nd","\u00der\u00f3unarl\u00f6nd","\u00der\u00f3unarl\u00f6nd","\u00der\u00f3unarl\u00f6nd","\u00der\u00f3unarl\u00f6nd","\u00der\u00f3unarl\u00f6nd","\u00der\u00f3unarl\u00f6nd","\u00der\u00f3unarl\u00f6nd","\u00der\u00f3unarl\u00f6nd","\u00der\u00f3unarl\u00f6nd","\u00der\u00f3unarl\u00f6nd","\u00der\u00f3unarl\u00f6nd","\u00der\u00f3unarl\u00f6nd","\u00der\u00f3unarl\u00f6nd"],"Value":[0.1111,0.1232,0.4847,0.1606,0.1812,0.2016,0.2298,0.2495,0.2708,0.3233,0.3992,0.4265,0.3701,0.3828,22.54274698,19.76351824,21.8056668,20.89073088,19.91253328,22.03557499,17.49332859,20.86787657,18.85540552,17.62652686,21.29250188,21.20680817,23.16067261,20.26302131]},"edges":[]}