{"Year":[2012,2013,2014,2015,2016,2017,2018,2019,2020,2021,2022,2012,2013,2014,2015,2016,2017,2018,2019,2020,2021,2022,2012,2013,2014,2015,2016,2017,2018,2019,2020,2021,2022],"Tegund tengingu":["256 kbit/s til minna en 2 Mbit/s","256 kbit/s til minna en 2 Mbit/s","256 kbit/s til minna en 2 Mbit/s","256 kbit/s til minna en 2 Mbit/s","256 kbit/s til minna en 2 Mbit/s","256 kbit/s til minna en 2 Mbit/s","256 kbit/s til minna en 2 Mbit/s","256 kbit/s til minna en 2 Mbit/s","256 kbit/s til minna en 2 Mbit/s","256 kbit/s til minna en 2 Mbit/s","256 kbit/s til minna en 2 Mbit/s","2 Mbit/s til minna en 10 Mbit/s","2 Mbit/s til minna en 10 Mbit/s","2 Mbit/s til minna en 10 Mbit/s","2 Mbit/s til minna en 10 Mbit/s","2 Mbit/s til minna en 10 Mbit/s","2 Mbit/s til minna en 10 Mbit/s","2 Mbit/s til minna en 10 Mbit/s","2 Mbit/s til minna en 10 Mbit/s","2 Mbit/s til minna en 10 Mbit/s","2 Mbit/s til minna en 10 Mbit/s","2 Mbit/s til minna en 10 Mbit/s","Jafnt e\u00f0a yfir 10 Mbit/s","Jafnt e\u00f0a yfir 10 Mbit/s","Jafnt e\u00f0a yfir 10 Mbit/s","Jafnt e\u00f0a yfir 10 Mbit/s","Jafnt e\u00f0a yfir 10 Mbit/s","Jafnt e\u00f0a yfir 10 Mbit/s","Jafnt e\u00f0a yfir 10 Mbit/s","Jafnt e\u00f0a yfir 10 Mbit/s","Jafnt e\u00f0a yfir 10 Mbit/s","Jafnt e\u00f0a yfir 10 Mbit/s","Jafnt e\u00f0a yfir 10 Mbit/s"],"Value":[0.761,0.3679,0.1907,0.0732,0.1245,0.0641,0.0456,0.0,0.0,0.0,0.0,0.880231558,0.694407765,0.992719647,0.312367062,0.264337847,0.148071961,0.076912039,0.087397161,0.059318822,0.029013645,0.032956986,33.84964406,35.43436992,35.55520756,37.42540261,38.11096175,39.26596502,39.06701105,38.91666737,38.32435312,37.86985618,37.11488167]}