{"Year":[2000,2001,2002,2003,2004,2005,2006,2007,2008,2009,2010,2011,2012,2013,2014,2015,2016,2017,2018,2019,2020,2021,2022,2000,2001,2002,2003,2004,2005,2006,2007,2008,2009,2010,2011,2012,2013,2014,2015,2016,2017,2018,2019,2020,2021,2022,2000,2001,2002,2003,2004,2005,2006,2007,2008,2009,2010,2011,2012,2013,2014,2015,2016,2017,2018,2019,2020,2021,2022],"Kyn":["Karl","Karl","Karl","Karl","Karl","Karl","Karl","Karl","Karl","Karl","Karl","Karl","Karl","Karl","Karl","Karl","Karl","Karl","Karl","Karl","Karl","Karl","Karl","Kona","Kona","Kona","Kona","Kona","Kona","Kona","Kona","Kona","Kona","Kona","Kona","Kona","Kona","Kona","Kona","Kona","Kona","Kona","Kona","Kona","Kona","Kona",null,null,null,null,null,null,null,null,null,null,null,null,null,null,null,null,null,null,null,null,null,null,null],"Value":[28.05084746,27.36757624,26.32034632,29.28321678,25.83979328,22.84710018,24.36459246,24.37810945,22.34920635,18.92826275,18.54124063,19.1503268,18.09598741,16.50700074,15.14423077,14.67324291,14.02034498,13.03952749,12.24028907,10.93872742,9.838249286,10.34808929,8.694846125,25.95296026,26.31578947,25.66445183,23.30946698,24.03225806,23.84313725,21.62588792,21.73112339,20.56194125,18.735363,18.45841785,18.86543536,16.718507,17.78104335,17.15647339,14.004914,14.75770925,12.74376417,12.48285322,11.60591133,11.26895757,9.831675593,9.169161677,26.97886448,26.84,25.98558711,26.15576843,24.90628905,23.37339412,22.92358804,23.04603027,21.45813435,18.8269073,18.49966056,19.00853578,17.40320688,17.14495953,16.15476665,14.33846154,14.38975944,12.89151158,12.36082708,11.27176158,10.55045872,10.09130683,8.930899609]}