Year,Value
2000,26.97886448
2001,26.84
2002,25.98558711
2003,26.15576843
2004,24.90628905
2005,23.37339412
2006,22.92358804
2007,23.04603027
2008,21.45813435
2009,18.8269073
2010,18.49966056
2011,19.00853578
2012,17.40320688
2013,17.14495953
2014,16.15476665
2015,14.33846154
2016,14.38975944
2017,12.89151158
2018,12.36082708
2019,11.27176158
2020,10.55045872
2021,10.09130683
2022,8.930899609
